Description,ID,Is active,Nombre del libro de precios
"Izdavaƒçka agencija ""Draganic?""",1,Yes,Venac sonetnih venaca
K.G. Saur Verlag,2,Yes,Mythographi Graeci 1: Apollodori Bibliotheca
Lonely Planet,3,Yes,Out to Eat London 2002 (Lonely Planet Out to Eat)
BradyGames,4,Yes,Juiced Official Strategy Guide
Grove Press Open City Books,5,Yes,Open City 6: The Only Woman He Ever Left
Frederick P. Lenz Foundation for American Buddhism,6,Yes,How To Meditate
Frederick P. Lenz Foundation for American Buddhism,7,Yes,Insights: Talks On The Nature Of Existence
Macmillan,8,Yes,Brodie's notes on Aldous Huxley's brave new world
Salem Press Inc,9,Yes,American Film Guide
Routledge,10,Yes,The Man and the Author: John Milton: Twentieth Century Perspectives
Arts Publications,11,Yes,Canopy: A Work for Voice and Light in Harvard Yard
Fithian Press,12,Yes,"Laguna I Love You: The Best of ""Our Town"""
Gale Cengage,13,Yes,American Writers Supplement VIII
Hodder & Stoughton Educational Division,14,Yes,The Road To War 1933 39
Knopf Doubleday Publishing Group,15,Yes,I'll Be Home Before Midnight and I Won't Get Pregnant
McGraw-Hill Professional Publishing,16,Yes,Sclerotherapy and vein treatment
Springer,17,Yes,The Berlin Phenomenology
Moody Publishers,18,Yes,Your Child and Jesus: A Family Activity Book
Beckett Media,19,Yes,Beckett Football Card Price Guide
Random House Puzzles & Games,20,Yes,Random House Crossword Mega Omnibus Volume 1
Routledge,21,Yes,Native Speakers in EFL Lessons
Meredith Corporation,22,Yes,Day and Night
Greenwood Press,23,Yes,The Fantastic Vampire
AMR/Advanced Management Reports,24,Yes,The Leadership Challenge: Skills for Taking Charge
Between the Lines Productions,25,Yes,Anthony Thwaite: In Conversation With Peter Dale and Ian Hamilton
Teacher's Pet Publications Inc.,26,Yes,Puzzle Pack: The Witch of Blackbird Pond
Walter Foster Publishing,27,Yes,Mandala Sand Art Kit
Intercultural Publishing,28,Yes,The Art of Loving by Erich Fromm: A True Story of a Japanese Woman
Palgrave Macmillan,29,Yes,V.S. Naipaul
University of Toronto Press,30,Yes,The Boys of the Archangel Raphael: A Youth Confraternity in Florence 1411-1785
McDougal Littel,31,Yes,McDougal Littell Science: Student Edition Grade 6 Earth Science 2006
Chronicle Books,32,Yes,The Halloween Activity Book: Creepy Crawly Hairy Scary Things to Do
Princeton University Press,33,Yes,The Two Tocquevilles Father and Son
