ID,User Name
#5d8aa8,Maia Edler
#00308f,Julianna Coleman
#72a0c1,Cameron Overson
#a32638,Chadwick Webster
#f0f8ff,Julian Alldridge
#e32636,Gabriel Palmer
#c46210,Luke Saunders
#efdecd,Nate Brock
#e52b50,Hayden Glass
#ffbf00,Hazel Brown
#ff7e00,Marjorie Selby
#ff033e,Crystal Dann
#96c,Amelia Lynn
#a4c639,Nicholas Partridge
#f2f3f4,Harvey Isaac
#cd9575,Kirsten Villiger
#915c83,Sloane Welsch
#841b2d,Eduardo Barclay
#faebd7,William Rowan
#008000,Naomi Higgs
#8db600,Johnny Dickson
#fbceb1,Lucy Booth
#0ff,Helen Thomson
#7fffd4,Ellen Young
#4b5320,Henry Flack
#3b444b,Kurt Walsh
#e9d66b,Kurt Mcgee
#b2beb5,Caleb Ross
#87a96b,Barney Walker
#f96,Danny Eastwood
#a52a2a,Kurt Walker
#fdee00,Nick Vallins
#6e7f80,Nicholas Shields
#568203,Alan Miller
#007fff,Maxwell Phillips
#f0ffff,Tyler Carson
#89cff0,Tyson Graves
#a1caf1,Cadence Clark
#f4c2c2,Penny Veale
#21abcd,Chester Quinnell
#fae7b5,Katelyn Bullock
#ffe135,Kate Crawford
#7c0a02,William Hunter
#848482,Sonya Edwards
#98777b,Margot Radley
#bcd4e6,Skylar Pratt
#9f8170,Adelaide London
#f5f5dc,Peter Cann
#9c2542,Jenna Gilmour
#ffe4c4,Dorothy King
#3d2b1f,Sebastian Truscott
#fe6f5e,Harmony Ward
#bf4f51,Rufus Shaw
#000,Benny Wade
#3d0c02,Chris Cunningham
#253529,Bob Stanton
#3b3c36,Logan Malone
#ffebcd,Alan Zaoui
#a57164,Caleb Clark
#318ce7,Havana Cann
#ace5ee,Mona Gordon
#faf0be,Cedrick Saunders
#00f,Hank Dempsey
#a2a2d0,Janice Plumb
#1f75fe,Caydence Owens
#69c,Peter Nielson
#0d98ba,Macy Nicholls
#0093af,Mabel Jeffery
#0087bd,Boris Leslie
#339,Selena Roscoe
#0247fe,Mike Niles
#126180,Gina Lyon
#8a2be2,Lily Stanton
#de5d83,Luke Murray
#79443b,Owen Hale
#0095b6,Dani Mcneill
#e3dac9,Kieth Hardwick
#c00,Denis Crawley
#006a4e,Renee Summers
#873260,Hannah Truscott
#0070ff,Martin Randall
#b5a642,Lana Walsh
#cb4154,Brad Baker
#1dacd6,Harvey Vane
#6f0,Cedrick Moran
#bf94e4,Shelby Lee
#c32148,Domenic Richards
#ff007f,Paige Wellington
#08e8de,Denny Tait
#d19fe8,Kurt Young
#f4bbff,Julia Rose
#ff55a3,Fiona Whinter
#fb607f,Vivian Watson
#004225,Ramon Hardwick
#cd7f32,Carmen Logan
#964b00,Lorraine Morgan
#a52a2a,Rosemary Veale
#ffc1cc,Susan Gordon
#e7feff,Clint Newton
#f0dc82,Tyson Gregory
